#,Name,Type1,Type2,bAtk,bDef,bStm
#001,Bulbasaur,Grass,Poison,118,118,90
#002,Ivysaur,Grass,Poison,151,151,120
#003,Venusaur,Grass,Poison,198,198,160
#004,Charmander,Fire,None,116,96,78
#005,Charmeleon,Fire,None,158,129,116
#006,Charizard,Fire,Flying,223,176,156
#007,Squirtle,Water,None,94,122,88
#008,Wartortle,Water,None,126,155,118
#009,Blastoise,Water,None,171,210,158
#010,Caterpie,Bug,None,55,62,90
#011,Metapod,Bug,None,45,94,100
#012,Butterfree,Bug,Flying,167,151,120
#013,Weedle,Bug,Poison,63,55,80
#014,Kakuna,Bug,Poison,46,86,90
#015,Beedrill,Bug,Poison,169,150,130
#016,Pidgey,Normal,Flying,85,76,80
#017,Pidgeotto,Normal,Flying,117,108,126
#018,Pidgeot,Normal,Flying,166,157,166
#019,Rattata,Normal,None,103,70,60
#020,Raticate,Normal,None,161,144,110
#021,Spearow,Normal,Flying,112,61,80
#022,Fearow,Normal,Flying,182,135,130
#023,Ekans,Poison,None,110,102,70
#024,Arbok,Poison,None,185,158,120
#025,Pikachu,Electric,None,112,101,70
#026,Raichu,Electric,None,193,165,120
#027,Sandshrew,Ground,None,126,145,100
#028,Sandslash,Ground,None,182,202,150
#029,Nidoran¡â,Poison,None,86,94,110
#030,Nidorina,Poison,None,117,126,140
#031,Nidoqueen,Poison,Ground,180,174,180
#032,Nidoran¡á,Poison,None,105,76,92
#033,Nidorino,Poison,None,137,112,122
#034,Nidoking,Poison,Ground,204,157,162
#035,Clefairy,Fairy,None,107,116,140
#036,Clefable,Fairy,None,178,171,190
#037,Vulpix,Fire,None,96,122,76
#038,Ninetales,Fire,None,169,204,146
#039,Jigglypuff,Normal,Fairy,80,44,230
#040,Wigglytuff,Normal,Fairy,156,93,280
#041,Zubat,Poison,Flying,83,76,80
#042,Golbat,Poison,Flying,161,153,150
#043,Oddish,Grass,Poison,131,116,90
#044,Gloom,Grass,Poison,153,139,120
#045,Vileplume,Grass,Poison,202,170,150
#046,Paras,Bug,Grass,121,99,70
#047,Parasect,Bug,Grass,165,146,120
#048,Venonat,Bug,Poison,100,102,120
#049,Venomoth,Bug,Poison,179,150,140
#050,Diglett,Ground,None,109,88,20
#051,Dugtrio,Ground,None,205,147,70
#052,Meowth,Normal,None,92,81,80
#053,Persian,Normal,None,150,139,130
#054,Psyduck,Water,None,122,96,100
#055,Golduck,Water,None,191,163,160
#056,Mankey,Fighting,None,148,87,80
#057,Primeape,Fighting,None,207,144,130
#058,Growlithe,Fire,None,136,96,110
#059,Arcanine,Fire,None,227,166,180
#060,Poliwag,Water,None,101,82,80
#061,Poliwhirl,Water,None,130,130,130
#062,Poliwrath,Water,Fighting,182,187,180
#063,Abra,Psychic,None,195,103,50
#064,Kadabra,Psychic,None,232,138,80
#065,Alakazam,Psychic,None,271,194,110
#066,Machop,Fighting,None,137,88,140
#067,Machoke,Fighting,None,177,130,160
#068,Machamp,Fighting,None,234,162,180
#069,Bellsprout,Grass,Poison,139,64,100
#070,Weepinbell,Grass,Poison,172,95,130
#071,Victreebel,Grass,Poison,207,138,160
#072,Tentacool,Water,Poison,97,182,80
#073,Tentacruel,Water,Poison,166,237,160
#074,Geodude,Rock,Ground,132,163,80
#075,Graveler,Rock,Ground,164,196,110
#076,Golem,Rock,Ground,211,229,160
#077,Ponyta,Fire,None,170,132,100
#078,Rapidash,Fire,None,207,167,130
#079,Slowpoke,Water,Psychic,109,109,180
#080,Slowbro,Water,Psychic,177,194,190
#081,Magnemite,Electric,Steel,165,128,50
#082,Magneton,Electric,Steel,223,182,100
#083,Farfetch'd,Normal,Flying,167,118,104
#084,Doduo,Normal,Flying,158,88,70
#085,Dodrio,Normal,Flying,223,148,120
#086,Seel,Water,None,85,128,130
#087,Dewgong,Water,Ice,139,184,180
#088,Grimer,Poison,None,135,90,160
#089,Muk,Poison,None,190,184,210
#090,Shellder,Water,None,116,168,60
#091,Cloyster,Water,Ice,186,323,100
#092,Gastly,Ghost,Poison,186,70,60
#093,Haunter,Ghost,Poison,223,112,90
#094,Gengar,Ghost,Poison,261,156,120
#095,Onix,Rock,Ground,85,288,70
#096,Drowzee,Psychic,None,89,158,120
#097,Hypno,Psychic,None,144,215,170
#098,Krabby,Water,None,181,156,60
#099,Kingler,Water,None,240,214,110
#100,Voltorb,Electric,None,109,114,80
#101,Electrode,Electric,None,176,182,120
#102,Exeggcute,Grass,Psychic,107,140,120
#103,Exeggutor,Grass,Psychic,233,161,190
#104,Cubone,Ground,None,90,165,100
#105,Marowak,Ground,None,144,200,120
#106,Hitmonlee,Fighting,None,224,211,100
#107,Hitmonchan,Fighting,None,193,212,100
#108,Lickitung,Normal,None,108,137,180
#109,Koffing,Poison,None,119,164,80
#110,Weezing,Poison,None,174,221,130
#111,Rhyhorn,Ground,Rock,140,157,160
#112,Rhydon,Ground,Rock,222,206,210
#113,Chansey,Normal,None,60,176,500
#114,Tangela,Grass,None,183,205,130
#115,Kangaskhan,Normal,None,181,165,210
#116,Horsea,Water,None,129,125,60
#117,Seadra,Water,None,187,182,110
#118,Goldeen,Water,None,123,115,90
#119,Seaking,Water,None,175,154,160
#120,Staryu,Water,None,137,112,60
#121,Starmie,Water,Psychic,210,184,120
#122,Mr. Mime,Psychic,Fairy,192,233,80
#123,Scyther,Bug,Flying,218,170,140
#124,Jynx,Ice,Psychic,223,182,130
#125,Electabuzz,Electric,None,198,173,130
#126,Magmar,Fire,None,206,169,130
#127,Pinsir,Bug,None,238,197,130
#128,Tauros,Normal,None,198,197,150
#129,Magikarp,Water,None,29,102,40
#130,Gyarados,Water,Flying,237,197,190
#131,Lapras,Water,Ice,165,180,260
#132,Ditto,Normal,None,91,91,96
#133,Eevee,Normal,None,104,121,110
#134,Vaporeon,Water,None,205,177,260
#135,Jolteon,Electric,None,232,201,130
#136,Flareon,Fire,None,246,204,130
#137,Porygon,Normal,None,153,139,130
#138,Omanyte,Rock,Water,155,174,70
#139,Omastar,Rock,Water,207,227,140
#140,Kabuto,Rock,Water,148,162,60
#141,Kabutops,Rock,Water,220,203,120
#142,Aerodactyl,Rock,Flying,221,164,160
#143,Snorlax,Normal,None,190,190,320
#144,Articuno,Ice,Flying,192,249,180
#145,Zapdos,Electric,Flying,253,188,180
#146,Moltres,Fire,Flying,251,184,180
#147,Dratini,Dragon,None,119,94,82
#148,Dragonair,Dragon,None,163,138,122
#149,Dragonite,Dragon,Flying,263,201,182
#150,Mewtwo,Psychic,None,330,200,212
#151,Mew,Psychic,None,210,210,200
#152,Chikorita,Grass,None,92,122,90
#153,Bayleef,Grass,None,122,155,120
#154,Meganium,Grass,None,168,202,160
#155,Cyndaquil,Fire,None,116,96,78
#156,Quilava,Fire,None,158,129,116
#157,Typhlosion,Fire,None,223,176,156
#158,Totodile,Water,None,117,116,100
#159,Croconaw,Water,None,150,151,130
#160,Feraligatr,Water,None,205,197,170
#161,Sentret,Normal,None,79,77,70
#162,Furret,Normal,None,148,130,170
#163,Hoothoot,Normal,Flying,67,101,120
#164,Noctowl,Normal,Flying,161,179,200
#165,Ledyba,Bug,Flying,72,142,80
#166,Ledian,Bug,Flying,107,209,110
#167,Spinarak,Bug,Poison,105,73,80
#168,Ariados,Bug,Poison,161,130,140
#169,Crobat,Poison,Flying,194,178,170
#170,Chinchou,Water,Electric,106,106,150
#171,Lanturn,Water,Electric,146,146,250
#172,Pichu,Electric,None,77,63,40
#173,Cleffa,Fairy,None,75,91,100
#174,Igglybuff,Normal,Fairy,69,34,180
#175,Togepi,Fairy,None,67,116,70
#176,Togetic,Fairy,Flying,140,191,110
#177,Natu,Psychic,Flying,134,89,80
#178,Xatu,Psychic,Flying,192,146,130
#179,Mareep,Electric,None,114,82,110
#180,Flaaffy,Electric,None,145,112,140
#181,Ampharos,Electric,None,211,172,180
#182,Bellossom,Grass,None,169,189,150
#183,Marill,Water,Fairy,37,93,140
#184,Azumarill,Water,Fairy,112,152,200
#185,Sudowoodo,Rock,None,167,198,140
#186,Politoed,Water,None,174,192,180
#187,Hoppip,Grass,Flying,67,101,70
#188,Skiploom,Grass,Flying,91,127,110
#189,Jumpluff,Grass,Flying,118,197,150
#190,Aipom,Normal,None,136,112,110
#191,Sunkern,Grass,None,55,55,60
#192,Sunflora,Grass,None,185,148,150
#193,Yanma,Bug,Flying,154,94,130
#194,Wooper,Water,Ground,75,75,110
#195,Quagsire,Water,Ground,152,152,190
#196,Espeon,Psychic,None,261,194,130
#197,Umbreon,Dark,None,126,250,190
#198,Murkrow,Dark,Flying,175,87,120
#199,Slowking,Water,Psychic,177,194,190
#200,Misdreavus,Ghost,None,167,167,120
#201,Unown,Psychic,None,136,91,96
#202,Wobbuffet,Psychic,None,60,106,380
#203,Girafarig,Normal,Psychic,182,133,140
#204,Pineco,Bug,None,108,146,100
#205,Forretress,Bug,Steel,161,242,150
#206,Dunsparce,Normal,None,131,131,200
#207,Gligar,Ground,Flying,143,204,130
#208,Steelix,Steel,Ground,148,333,150
#209,Snubbull,Fairy,None,137,89,120
#210,Granbull,Fairy,None,212,137,180
#211,Qwilfish,Water,Poison,184,166,130
#212,Scizor,Bug,Steel,236,191,140
#213,Shuckle,Bug,Rock,17,396,40
#214,Heracross,Bug,Fighting,234,189,160
#215,Sneasel,Dark,Ice,189,157,110
#216,Teddiursa,Normal,None,142,93,120
#217,Ursaring,Normal,None,236,144,180
#218,Slugma,Fire,None,118,71,80
#219,Magcargo,Fire,Rock,155,209,120
#220,Swinub,Ice,Ground,90,74,100
#221,Piloswine,Ice,Ground,181,147,200
#222,Corsola,Water,Rock,118,175,130
#223,Remoraid,Water,None,127,69,70
#224,Octillery,Water,None,197,141,150
#225,Delibird,Ice,Flying,128,90,90
#226,Mantine,Water,Flying,149,260,170
#227,Skarmory,Steel,Flying,149,260,130
#228,Houndour,Dark,Fire,152,93,90
#229,Houndoom,Dark,Fire,224,159,150
#230,Kingdra,Water,Dragon,194,194,150
#231,Phanpy,Ground,None,107,107,180
#232,Donphan,Ground,None,214,214,180
#233,Porygon2,Normal,None,198,183,170
#234,Stantler,Normal,None,192,132,146
#235,Smeargle,Normal,None,40,88,110
#236,Tyrogue,Fighting,None,64,64,70
#237,Hitmontop,Fighting,None,173,214,100
#238,Smoochum,Ice,Psychic,153,116,90
#239,Elekid,Electric,None,135,110,90
#240,Magby,Fire,None,151,108,90
#241,Miltank,Normal,None,158,211,190
#242,Blissey,Normal,None,129,229,510
#243,Raikou,Electric,None,241,210,180
#244,Entei,Fire,None,235,176,230
#245,Suicune,Water,None,180,235,200
#246,Larvitar,Rock,Ground,115,93,100
#247,Pupitar,Rock,Ground,155,133,140
#248,Tyranitar,Rock,Dark,251,212,200
#249,Lugia,Psychic,Flying,193,323,212
#250,Ho-Oh,Fire,Flying,263,301,212
#251,Celebi,Psychic,Grass,210,210,200
#252,Treecko,Grass,None,124,104,80
#253,Grovyle,Grass,None,172,130,100
#254,Sceptile,Grass,None,223,180,140
#255,Torchic,Fire,None,130,92,90
#256,Combusken,Fire,Fighting,163,115,120
#257,Blaziken,Fire,Fighting,240,141,160
#258,Mudkip,Water,None,126,93,100
#259,Marshtomp,Water,Ground,156,133,140
#260,Swampert,Water,Ground,208,175,200
#261,Poochyena,Dark,None,96,63,70
#262,Mightyena,Dark,None,171,137,140
#263,Zigzagoon,Normal,None,58,80,76
#264,Linoone,Normal,None,142,128,156
#265,Wurmple,Bug,None,75,61,90
#266,Silcoon,Bug,None,60,91,100
#267,Beautifly,Bug,Flying,189,98,120
#268,Cascoon,Bug,None,60,91,100
#269,Dustox,Bug,Poison,98,172,120
#270,Lotad,Water,Grass,71,86,80
#271,Lombre,Water,Grass,112,128,120
#272,Ludicolo,Water,Grass,173,191,160
#273,Seedot,Grass,None,71,86,80
#274,Nuzleaf,Grass,Dark,134,78,140
#275,Shiftry,Grass,Dark,200,121,180
#276,Taillow,Normal,Flying,106,61,80
#277,Swellow,Normal,Flying,185,130,120
#278,Wingull,Water,Flying,106,61,80
#279,Pelipper,Water,Flying,175,189,120
#280,Ralts,Psychic,Fairy,79,63,56
#281,Kirlia,Psychic,Fairy,117,100,76
#282,Gardevoir,Psychic,Fairy,237,220,136
#283,Surskit,Bug,Water,93,97,80
#284,Masquerain,Bug,Flying,192,161,140
#285,Shroomish,Grass,None,74,110,120
#286,Breloom,Grass,Fighting,241,153,120
#287,Slakoth,Normal,None,104,104,120
#288,Vigoroth,Normal,None,159,159,160
#289,Slaking,Normal,None,319,201,300
#290,Nincada,Bug,Ground,80,153,62
#291,Ninjask,Bug,Flying,199,116,122
#292,Shedinja,Bug,Ghost,153,80,2
#293,Whismur,Normal,None,92,42,128
#294,Loudred,Normal,None,134,81,168
#295,Exploud,Normal,None,179,142,208
#296,Makuhita,Fighting,None,99,54,144
#297,Hariyama,Fighting,None,209,114,288
#298,Azurill,Normal,Fairy,36,71,100
#299,Nosepass,Rock,None,82,236,60
#300,Skitty,Normal,None,84,84,100
#301,Delcatty,Normal,None,132,132,140
#302,Sableye,Dark,Ghost,141,141,100
#303,Mawile,Steel,Fairy,155,155,100
#304,Aron,Steel,Rock,121,168,100
#305,Lairon,Steel,Rock,158,240,120
#306,Aggron,Steel,Rock,198,314,140
#307,Meditite,Fighting,Psychic,78,107,60
#308,Medicham,Fighting,Psychic,121,152,120
#309,Electrike,Electric,None,123,78,80
#310,Manectric,Electric,None,215,127,140
#311,Plusle,Electric,None,167,147,120
#312,Minun,Electric,None,147,167,120
#313,Volbeat,Bug,None,143,171,130
#314,Illumise,Bug,None,143,171,130
#315,Roselia,Grass,Poison,186,148,100
#316,Gulpin,Poison,None,80,99,140
#317,Swalot,Poison,None,140,159,200
#318,Carvanha,Water,Dark,171,39,90
#319,Sharpedo,Water,Dark,243,83,140
#320,Wailmer,Water,None,136,68,260
#321,Wailord,Water,None,175,87,340
#322,Numel,Fire,Ground,119,82,120
#323,Camerupt,Fire,Ground,194,139,140
#324,Torkoal,Fire,None,151,234,140
#325,Spoink,Psychic,None,125,145,120
#326,Grumpig,Psychic,None,171,211,160
#327,Spinda,Normal,None,116,116,120
#328,Trapinch,Ground,None,162,78,90
#329,Vibrava,Ground,Dragon,134,99,100
#330,Flygon,Ground,Dragon,205,168,160
#331,Cacnea,Grass,None,156,74,100
#332,Cacturne,Grass,Dark,221,115,140
#333,Swablu,Normal,Flying,76,139,90
#334,Altaria,Dragon,Flying,141,208,150
#335,Zangoose,Normal,None,222,124,146
#336,Seviper,Poison,None,196,118,146
#337,Lunatone,Rock,Psychic,178,163,180
#338,Solrock,Rock,Psychic,178,163,180
#339,Barboach,Water,Ground,93,83,100
#340,Whiscash,Water,Ground,151,142,220
#341,Corphish,Water,None,141,113,86
#342,Crawdaunt,Water,Dark,224,156,126
#343,Baltoy,Ground,Psychic,77,131,80
#344,Claydol,Ground,Psychic,140,236,120
#345,Lileep,Rock,Grass,105,154,132
#346,Cradily,Rock,Grass,152,198,172
#347,Anorith,Rock,Bug,176,100,90
#348,Armaldo,Rock,Bug,222,183,150
#349,Feebas,Water,None,29,102,40
#350,Milotic,Water,None,192,242,190
#351,Castform,Normal,None,139,139,140
#352,Kecleon,Normal,None,161,212,120
#353,Shuppet,Ghost,None,138,66,88
#354,Banette,Ghost,None,218,127,128
#355,Duskull,Ghost,None,70,162,40
#356,Dusclops,Ghost,None,124,234,80
#357,Tropius,Grass,Flying,136,165,198
#358,Chimecho,Psychic,None,175,174,150
#359,Absol,Dark,None,246,120,130
#360,Wynaut,Psychic,None,41,86,190
#361,Snorunt,Ice,None,95,95,100
#362,Glalie,Ice,None,162,162,160
#363,Spheal,Ice,Water,95,90,140
#364,Sealeo,Ice,Water,137,132,180
#365,Walrein,Ice,Water,182,176,220
#366,Clamperl,Water,None,133,149,70
#367,Huntail,Water,None,197,194,110
#368,Gorebyss,Water,None,211,194,110
#369,Relicanth,Water,Rock,162,234,200
#370,Luvdisc,Water,None,81,134,86
#371,Bagon,Dragon,None,134,107,90
#372,Shelgon,Dragon,None,172,179,130
#373,Salamence,Dragon,Flying,277,168,190
#374,Beldum,Steel,Psychic,96,141,80
#375,Metang,Steel,Psychic,138,185,120
#376,Metagross,Steel,Psychic,257,248,160
#377,Regirock,Rock,None,179,356,160
#378,Regice,Ice,None,179,356,160
#379,Registeel,Steel,None,143,285,160
#380,Latias,Dragon,Psychic,228,268,160
#381,Latios,Dragon,Psychic,268,228,160
#382,Kyogre,Water,None,297,276,200
#383,Groudon,Ground,None,297,276,200
#384,Rayquaza,Dragon,Flying,312,187,210
#385,Jirachi,Steel,Psychic,210,210,200
#386,Deoxys (Normal Forme),Psychic,None,345,115,100
#387,Turtwig,Grass,None,119,115,110
#388,Grotle,Grass,None,157,152,150
#389,Torterra,Grass,Ground,202,197,190
#390,Chimchar,Fire,None,113,86,88
#391,Monferno,Fire,Fighting,158,105,128
#392,Infernape,Fire,Fighting,222,151,152
#393,Piplup,Water,None,112,103,106
#394,Prinplup,Water,None,150,143,128
#395,Empoleon,Water,Steel,210,193,168
#396,Starly,Normal,Flying,101,58,80
#397,Staravia,Normal,Flying,142,99,110
#398,Staraptor,Normal,Flying,234,145,170
#399,Bidoof,Normal,None,80,73,118
#400,Bibarel,Normal,Water,162,119,158
#401,Kricketot,Bug,None,45,74,74
#402,Kricketune,Bug,None,160,100,154
#403,Shinx,Electric,None,117,64,90
#404,Luxio,Electric,None,159,95,120
#405,Luxray,Electric,None,232,156,160
#406,Budew,Grass,Poison,91,126,80
#407,Roserade,Grass,Poison,243,206,120
#408,Cranidos,Rock,None,218,75,134
#409,Rampardos,Rock,None,295,114,194
#410,Shieldon,Rock,Steel,76,208,60
#411,Bastiodon,Rock,Steel,94,299,120
#412,Burmy,Bug,None,53,83,80
#413,Wormadam (Plant Cloak),Bug,Grass,141,189,120
#414,Mothim,Bug,Flying,185,98,140
#415,Combee,Bug,Flying,59,83,60
#416,Vespiquen,Bug,Flying,149,190,140
#417,Pachirisu,Electric,None,94,182,120
#418,Buizel,Water,None,132,70,110
#419,Floatzel,Water,None,221,118,170
#420,Cherubi,Grass,None,108,96,90
#421,Cherrim,Grass,None,170,157,140
#422,Shellos,Water,None,103,111,152
#423,Gastrodon,Water,Ground,169,149,222
#424,Ambipom,Normal,None,205,143,150
#425,Drifloon,Ghost,Flying,117,85,180
#426,Drifblim,Ghost,Flying,180,107,300
#427,Buneary,Normal,None,130,111,110
#428,Lopunny,Normal,None,156,200,130
#429,Mismagius,Ghost,None,211,211,120
#430,Honchkrow,Dark,Flying,243,103,200
#431,Glameow,Normal,None,109,85,98
#432,Purugly,Normal,None,172,136,142
#433,Chingling,Psychic,None,114,94,90
#434,Stunky,Poison,Dark,121,93,126
#435,Skuntank,Poison,Dark,184,135,206
#436,Bronzor,Steel,Psychic,43,154,114
#437,Bronzong,Steel,Psychic,161,213,134
#438,Bonsly,Rock,None,124,155,100
#439,Mime Jr.,Psychic,Fairy,125,164,40
#440,Happiny,Normal,None,25,105,200
#441,Chatot,Normal,Flying,183,92,152
#442,Spiritomb,Ghost,Dark,169,199,100
#443,Gible,Dragon,Ground,124,84,116
#444,Gabite,Dragon,Ground,172,130,136
#445,Garchomp,Dragon,Ground,261,198,216
#446,Munchlax,Normal,None,137,137,270
#447,Riolu,Fighting,None,127,78,80
#448,Lucario,Fighting,Steel,236,144,140
#449,Hippopotas,Ground,None,124,134,136
#450,Hippowdon,Ground,None,201,212,216
#451,Skorupi,Poison,Bug,93,168,80
#452,Drapion,Poison,Dark,180,219,140
#453,Croagunk,Poison,Fighting,116,76,96
#454,Toxicroak,Poison,Fighting,211,133,166
#455,Carnivine,Grass,None,187,136,148
#456,Finneon,Water,None,96,119,98
#457,Lumineon,Water,None,142,175,138
#458,Mantyke,Water,Flying,105,212,90
#459,Snover,Grass,Ice,115,110,120
#460,Abomasnow,Grass,Ice,178,163,180
#461,Weavile,Dark,Ice,243,182,140
#462,Magnezone,Electric,Steel,238,217,140
#463,Lickilicky,Normal,None,161,181,220
#464,Rhyperior,Ground,Rock,241,224,230
#465,Tangrowth,Grass,None,207,219,200
#466,Electivire,Electric,None,249,173,150
#467,Magmortar,Fire,None,247,186,150
#468,Togekiss,Fairy,Flying,225,227,170
#469,Yanmega,Bug,Flying,231,172,172
#470,Leafeon,Grass,None,216,254,130
#471,Glaceon,Ice,None,238,212,130
#472,Gliscor,Ground,Flying,185,248,150
#473,Mamoswine,Ice,Ground,247,157,220
#474,Porygon-Z,Normal,None,264,153,170
#475,Gallade,Psychic,Fighting,237,220,136
#476,Probopass,Rock,Steel,135,278,120
#477,Dusknoir,Ghost,None,180,254,90
#478,Froslass,Ice,Ghost,171,150,140
#479,Rotom (Normal Rotom),Electric,Ghost,185,159,100
#480,Uxie,Psychic,None,156,270,150
#481,Mesprit,Psychic,None,212,212,160
#482,Azelf,Psychic,None,270,151,150
#483,Dialga,Steel,Dragon,302,242,200
#484,Palkia,Water,Dragon,308,247,180
#485,Heatran,Fire,Steel,251,213,182
#486,Regigigas,Normal,None,315,231,220
#487,Giratina (Altered Forme),Ghost,Dragon,206,247,300
#488,Cresselia,Psychic,None,152,263,240
#489,Phione,Water,None,162,162,160
#490,Manaphy,Water,None,210,210,200
#491,Darkrai,Dark,None,285,198,140
#492,Shaymin (Land Forme),Grass,None,210,210,200
#493,Arceus,Normal,None,262,262,240
#494,Victini,Psychic,Fire,210,210,200
#495,Snivy,Grass,None,88,107,90
#496,Servine,Grass,None,122,152,120
#497,Serperior,Grass,None,161,204,150
#498,Tepig,Fire,None,115,85,130
#499,Pignite,Fire,Fighting,173,106,180
#500,Emboar,Fire,Fighting,235,127,220
#501,Oshawott,Water,None,117,85,110
#502,Dewott,Water,None,159,116,150
#503,Samurott,Water,None,212,164,190
#504,Patrat,Normal,None,98,73,90
#505,Watchog,Normal,None,165,139,120
#506,Lillipup,Normal,None,107,86,90
#507,Herdier,Normal,None,145,126,130
#508,Stoutland,Normal,None,206,182,170
#509,Purrloin,Dark,None,98,73,82
#510,Liepard,Dark,None,187,106,128
#511,Pansage,Grass,None,104,94,100
#512,Simisage,Grass,None,206,133,150
#513,Pansear,Fire,None,104,94,100
#514,Simisear,Fire,None,206,133,150
#515,Panpour,Water,None,104,94,100
#516,Simipour,Water,None,206,133,150
#517,Munna,Psychic,None,111,97,152
#518,Musharna,Psychic,None,183,171,232
#519,Pidove,Normal,Flying,98,89,100
#520,Tranquill,Normal,Flying,144,117,124
#521,Unfezant,Normal,Flying,226,160,160
#522,Blitzle,Electric,None,118,64,90
#523,Zebstrika,Electric,None,211,136,150
#524,Roggenrola,Rock,None,121,136,110
#525,Boldore,Rock,None,174,173,140
#526,Gigalith,Rock,None,226,223,170
#527,Woobat,Psychic,Flying,107,85,130
#528,Swoobat,Psychic,Flying,161,119,134
#529,Drilbur,Ground,None,154,88,120
#530,Excadrill,Ground,Steel,255,132,220
#531,Audino,Normal,None,114,163,206
#532,Timburr,Fighting,None,134,97,150
#533,Gurdurr,Fighting,None,180,150,170
#534,Conkeldurr,Fighting,None,243,172,210
#535,Tympole,Water,None,98,78,100
#536,Palpitoad,Water,Ground,128,109,150
#537,Seismitoad,Water,Ground,188,150,210
#538,Throh,Fighting,None,172,160,240
#539,Sawk,Fighting,None,231,153,150
#540,Sewaddle,Bug,Grass,96,129,90
#541,Swadloon,Bug,Grass,115,166,110
#542,Leavanny,Bug,Grass,205,165,150
#543,Venipede,Bug,Poison,83,109,60
#544,Whirlipede,Bug,Poison,100,182,80
#545,Scolipede,Bug,Poison,203,186,120
#546,Cottonee,Grass,Fairy,71,116,80
#547,Whimsicott,Grass,Fairy,164,182,120
#548,Petilil,Grass,None,119,91,90
#549,Lilligant,Grass,None,214,155,140
#550,Basculin,Water,None,189,134,140
#551,Sandile,Ground,Dark,132,69,100
#552,Krokorok,Ground,Dark,155,90,120
#553,Krookodile,Ground,Dark,229,163,190
#554,Darumaka,Fire,None,153,86,140
#555,Darmanitan (Standard Mode),Fire,None,263,114,210
#556,Maractus,Grass,None,201,130,150
#557,Dwebble,Bug,Rock,118,152,100
#558,Crustle,Bug,Rock,188,224,140
#559,Scraggy,Dark,Fighting,132,132,100
#560,Scrafty,Dark,Fighting,163,222,130
#561,Sigilyph,Psychic,Flying,204,167,144
#562,Yamask,Ghost,None,95,150,76
#563,Cofagrigus,Ghost,None,163,255,116
#564,Tirtouga,Water,Rock,134,172,108
#565,Carracosta,Water,Rock,192,228,148
#566,Archen,Rock,Flying,213,89,110
#567,Archeops,Rock,Flying,292,139,150
#568,Trubbish,Poison,None,96,122,100
#569,Garbodor,Poison,None,181,164,160
#570,Zorua,Dark,None,153,78,80
#571,Zoroark,Dark,None,250,127,120
#572,Minccino,Normal,None,98,80,110
#573,Cinccino,Normal,None,198,130,150
#574,Gothita,Psychic,None,98,118,90
#575,Gothorita,Psychic,None,137,159,120
#576,Gothitelle,Psychic,None,176,212,140
#577,Solosis,Psychic,None,170,87,90
#578,Duosion,Psychic,None,208,107,130
#579,Reuniclus,Psychic,None,214,153,220
#580,Ducklett,Water,Flying,84,96,124
#581,Swanna,Water,Flying,182,132,150
#582,Vanillite,Ice,None,118,111,72
#583,Vanillish,Ice,None,151,143,102
#584,Vanilluxe,Ice,None,218,190,142
#585,Deerling,Normal,Grass,115,100,120
#586,Sawsbuck,Normal,Grass,198,146,160
#587,Emolga,Electric,Flying,158,127,110
#588,Karrablast,Bug,None,137,87,100
#589,Escavalier,Bug,Steel,223,187,140
#590,Foongus,Grass,Poison,97,95,138
#591,Amoonguss,Grass,Poison,155,144,228
#592,Frillish,Water,Ghost,115,150,110
#593,Jellicent,Water,Ghost,159,195,200
#594,Alomomola,Water,None,138,148,330
#595,Joltik,Bug,Electric,110,98,100
#596,Galvantula,Bug,Electric,201,128,140
#597,Ferroseed,Grass,Steel,82,157,88
#598,Ferrothorn,Grass,Steel,158,230,148
#599,Klink,Steel,None,98,126,80
#600,Klang,Steel,None,150,179,120
#601,Klinklang,Steel,None,199,230,120
#602,Tynamo,Electric,None,105,78,70
#603,Eelektrik,Electric,None,156,130,130
#604,Eelektross,Electric,None,217,152,170
#605,Elgyem,Psychic,None,148,100,110
#606,Beheeyem,Psychic,None,221,172,150
#607,Litwick,Ghost,Fire,108,98,100
#608,Lampent,Ghost,Fire,169,115,120
#609,Chandelure,Ghost,Fire,271,182,120
#610,Axew,Dragon,None,154,111,92
#611,Fraxure,Dragon,None,212,133,132
#612,Haxorus,Dragon,None,284,183,152
#613,Cubchoo,Ice,None,128,74,110
#614,Beartic,Ice,None,233,152,190
#615,Cryogonal,Ice,None,190,264,160
#616,Shelmet,Bug,None,72,149,100
#617,Accelgor,Bug,None,220,131,160
#618,Stunfisk,Ground,Electric,144,177,218
#619,Mienfoo,Fighting,None,160,98,90
#620,Mienshao,Fighting,None,258,127,130
#621,Druddigon,Dragon,None,213,170,154
#622,Golett,Ground,Ghost,127,92,118
#623,Golurk,Ground,Ghost,222,154,178
#624,Pawniard,Dark,Steel,154,129,90
#625,Bisharp,Dark,Steel,232,191,130
#626,Bouffalant,Normal,None,195,182,190
#627,Rufflet,Normal,Flying,150,97,140
#628,Braviary,Normal,Flying,232,152,200
#629,Vullaby,Dark,Flying,105,144,140
#630,Mandibuzz,Dark,Flying,129,210,220
#631,Heatmor,Fire,None,204,129,170
#632,Durant,Bug,Steel,217,222,116
#633,Deino,Dark,Dragon,116,93,104
#634,Zweilous,Dark,Dragon,159,135,144
#635,Hydreigon,Dark,Dragon,256,188,184
#636,Larvesta,Bug,Fire,156,107,110
#637,Volcarona,Bug,Fire,264,210,170
#638,Cobalion,Steel,Fighting,192,260,182
#639,Terrakion,Rock,Fighting,260,192,182
#640,Virizion,Grass,Fighting,192,260,182
#641,Tornadus (Incarnate Forme),Flying,None,266,169,158
#642,Thundurus (Incarnate Forme),Electric,Flying,266,169,158
#643,Reshiram,Dragon,Fire,302,242,200
#644,Zekrom,Dragon,Electric,302,242,200
#645,Landorus (Incarnate Forme),Ground,Flying,261,187,178
#646,Kyurem (Normal Kyurem),Dragon,Ice,270,187,250
#647,Keldeo,Water,Fighting,260,192,182
#648,Meloetta (Aria Forme),Normal,Psychic,250,250,200
#649,Genesect,Bug,Steel,252,199,142
#650,Chespin,Grass,None,110,116,112
#651,Quilladin,Grass,None,146,174,122
#652,Chesnaught,Grass,Fighting,201,227,176
#653,Fennekin,Fire,None,116,112,80
#654,Braixen,Fire,None,171,136,118
#655,Delphox,Fire,Psychic,230,204,150
#656,Froakie,Water,None,122,86,82
#657,Frogadier,Water,None,168,116,108
#658,Greninja,Water,Dark,223,154,144
#659,Bunnelby,Normal,None,68,73,76
#660,Diggersby,Normal,Ground,112,155,170
#661,Fletchling,Normal,Flying,95,83,90
#662,Fletchinder,Fire,Flying,145,111,124
#663,Talonflame,Fire,Flying,176,156,156
#664,Scatterbug,Bug,None,63,70,76
#665,Spewpa,Bug,None,48,103,90
#666,Vivillon,Bug,Flying,176,103,160
#667,Litleo,Fire,Normal,139,114,124
#668,Pyroar,Fire,Normal,221,152,172
#669,Flab¨¦b¨¦,Fairy,None,108,138,88
#670,Floette,Fairy,None,136,175,108
#671,Florges,Fairy,None,212,287,156
#672,Skiddo,Grass,None,123,107,132
#673,Gogoat,Grass,None,196,155,246
#674,Pancham,Fighting,None,145,113,134
#675,Pangoro,Fighting,Dark,226,149,190
#676,Furfrou,Normal,None,164,182,150
#677,Espurr,Psychic,None,120,117,124
#678,Meowstic,Psychic,None,166,170,148
#679,Honedge,Steel,Ghost,135,167,90
#680,Doublade,Steel,Ghost,188,253,118
#681,Aegislash (Shield Forme),Steel,Ghost,97,291,120
#682,Spritzee,Fairy,None,110,116,156
#683,Aromatisse,Fairy,None,173,158,202
#684,Swirlix,Fairy,None,109,123,124
#685,Slurpuff,Fairy,None,168,168,164
#686,Inkay,Dark,Psychic,98,98,106
#687,Malamar,Dark,Psychic,177,172,172
#688,Binacle,Rock,Water,96,124,84
#689,Barbaracle,Rock,Water,194,220,144
#690,Skrelp,Poison,Water,109,109,100
#691,Dragalge,Poison,Dragon,177,223,130
#692,Clauncher,Water,None,108,118,100
#693,Clawitzer,Water,None,221,172,142
#694,Helioptile,Electric,Normal,115,83,88
#695,Heliolisk,Electric,Normal,219,190,124
#696,Tyrunt,Rock,Dragon,158,138,116
#697,Tyrantrum,Rock,Dragon,227,221,164
#698,Amaura,Rock,Ice,124,116,154
#699,Aurorus,Rock,Ice,186,173,246
#700,Sylveon,Fairy,None,203,237,190
#701,Hawlucha,Fighting,Flying,195,160,156
#702,Dedenne,Electric,Fairy,164,139,134
#703,Carbink,Rock,Fairy,95,285,100
#704,Goomy,Dragon,None,101,130,90
#705,Sliggoo,Dragon,None,159,205,136
#706,Goodra,Dragon,None,220,283,180
#707,Klefki,Steel,Fairy,160,181,114
#708,Phantump,Ghost,Grass,125,108,86
#709,Trevenant,Ghost,Grass,201,157,170
#710,Pumpkaboo (Super Size),Ghost,Grass,118,127,118
#710,Pumpkaboo (Large Size),Ghost,Grass,120,128,108
#710,Pumpkaboo (Average Size),Ghost,Grass,121,129,98
#710,Pumpkaboo (Small Size),Ghost,Grass,122,131,88
#711,Gourgeist (Super Size),Ghost,Grass,182,222,170
#711,Gourgeist (Large Size),Ghost,Grass,179,229,150
#711,Gourgeist (Average Size),Ghost,Grass,175,236,130
#711,Gourgeist (Small Size),Ghost,Grass,171,243,110
#712,Bergmite,Ice,None,117,143,110
#713,Avalugg,Ice,None,196,303,190
#714,Noibat,Flying,Dragon,83,76,80
#715,Noivern,Flying,Dragon,205,175,170
#716,Xerneas,Fairy,None,275,204,252
#717,Yveltal,Dark,Flying,275,204,252
#718,Zygarde,Dragon,Ground,203,245,216
#719,Diancie,Rock,Fairy,190,285,100
#720,Hoopa (Hoopa Confined),Psychic,Ghost,287,241,160
#721,Volcanion,Fire,Water,252,231,160
#722,Rowlet,Grass,Flying,102,102,136
#723,Dartrix,Grass,Flying,142,142,156
#724,Decidueye,Grass,Ghost,210,192,156
#725,Litten,Fire,None,128,79,90
#726,Torracat,Fire,None,174,103,130
#727,Incineroar,Fire,Dark,214,175,190
#728,Popplio,Water,None,120,104,100
#729,Brionne,Water,None,168,151,120
#730,Primarina,Water,Fairy,232,215,160
#731,Pikipek,Normal,Flying,136,59,70
#732,Trumbeak,Normal,Flying,159,100,110
#733,Toucannon,Normal,Flying,222,146,160
#734,Yungoos,Normal,None,122,56,96
#735,Gumshoos,Normal,None,194,113,176
#736,Grubbin,Bug,None,115,85,94
#737,Charjabug,Bug,Electric,145,171,114
#738,Vikavolt,Bug,Electric,254,165,154
#739,Crabrawler,Fighting,None,150,109,94
#740,Crabominable,Fighting,Ice,231,142,194
#741,Oricorio,Fire,Flying,196,145,150
#742,Cutiefly,Bug,Fairy,110,81,80
#743,Ribombee,Bug,Fairy,198,152,120
#744,Rockruff,Rock,None,117,78,90
#745,Lycanroc,Rock,None,231,140,150
#746,Wishiwashi,Water,None,46,46,90
#747,Mareanie,Poison,Water,98,115,100
#748,Toxapex,Poison,Water,114,278,100
#749,Mudbray,Ground,None,175,128,140
#750,Mudsdale,Ground,None,214,180,200
#751,Dewpider,Water,Bug,72,126,76
#752,Araquanid,Water,Bug,126,237,136
#753,Fomantis,Grass,None,100,64,80
#754,Lurantis,Grass,None,192,169,140
#755,Morelull,Grass,Fairy,108,128,80
#756,Shiinotic,Grass,Fairy,154,177,120
#757,Salandit,Poison,Fire,136,80,96
#758,Salazzle,Poison,Fire,228,130,136
#759,Stufful,Normal,Fighting,136,95,140
#760,Bewear,Normal,Fighting,226,150,240
#761,Bounsweet,Grass,None,55,69,84
#762,Steenee,Grass,None,78,94,104
#763,Tsareena,Grass,None,222,195,144
#764,Comfey,Fairy,None,165,226,102
#765,Oranguru,Normal,Psychic,168,207,180
#766,Passimian,Fighting,None,222,175,200
#767,Wimpod,Bug,Water,67,79,50
#768,Golisopod,Bug,Water,218,249,150
#769,Sandygast,Ghost,Ground,120,133,110
#770,Palossand,Ghost,Ground,178,194,170
#771,Pyukumuku,Water,None,97,224,110
#772,Type: Null,Normal,None,184,184,190
#773,Silvally,Normal,None,198,198,190
#774,Minior,Rock,Flying,116,194,120
#775,Komala,Normal,None,216,179,130
#776,Turtonator,Fire,Dragon,165,238,120
#777,Togedemaru,Electric,Steel,190,150,130
#778,Mimikyu,Ghost,Fairy,177,213,110
#779,Bruxish,Water,Psychic,208,145,136
#780,Drampa,Normal,Dragon,231,167,156
#781,Dhelmise,Ghost,Grass,233,184,140
#782,Jangmo-o,Dragon,None,102,118,90
#783,Hakamo-o,Dragon,Fighting,145,172,110
#784,Kommo-o,Dragon,Fighting,222,250,150
#785,Tapu Koko,Electric,Fairy,250,186,140
#786,Tapu Lele,Psychic,Fairy,259,229,140
#787,Tapu Bulu,Grass,Fairy,249,225,140
#788,Tapu Fini,Water,Fairy,189,261,140
#789,Cosmog,Psychic,None,54,57,86
#790,Cosmoem,Psychic,None,54,242,86
#791,Solgaleo,Psychic,Steel,280,219,274
#792,Lunala,Psychic,Ghost,280,219,274
#793,Nihilego,Rock,Poison,249,254,218
#794,Buzzwole,Bug,Fighting,259,259,214
#795,Pheromosa,Bug,Fighting,316,85,142
#796,Xurkitree,Electric,None,330,144,166
#797,Celesteela,Steel,Flying,207,200,194
#798,Kartana,Grass,Steel,355,253,118
#799,Guzzlord,Dark,Dragon,188,99,446
#800,Necrozma,Psychic,None,251,201,194
#801,Magearna,Steel,Fairy,246,225,160
#802,Marshadow,Fighting,Ghost,265,196,180
